price,latitude,url,longitude,floorSize
"$1,250,000",40.760051,https://www.zillow.com/homedetails/3425-28th-St-Astoria-NY-11106/145596607_zpid/,-73.929916,"1,800"
"$175,000",40.69189,https://www.zillow.com/homedetails/19033-117th-Rd-Jamaica-NY-11412/32193284_zpid/,-73.759657,"1,616"
"$724,000",40.767746,https://www.zillow.com/homedetails/3332-147th-St-Flushing-NY-11354/32037181_zpid/,-73.820395,"3,775"
"$2,190,000",40.794762,https://www.zillow.com/homedetails/15469-Powells-Cove-Blvd-Beechhurst-NY-11357/2132902945_zpid/,-73.804284,"3,400"
"$660,000",40.8643,https://www.zillow.com/homedetails/2552-Fenton-Ave-Bronx-NY-10469/29822093_zpid/,-73.844098,"1,925"
"$3,995,000",40.679875,https://www.zillow.com/homedetails/52-2nd-Pl-Brooklyn-NY-11231/30570510_zpid/,-73.999643,"3,072"
"$739,888",40.616807,https://www.zillow.com/homedetails/1724-Hendrickson-St-Brooklyn-NY-11234/30765147_zpid/,-73.932169,"2,246"
"$250,000",40.757348,https://www.zillow.com/homedetails/113-15-34th-Ave-6D-Corona-NY-11368/79737507_zpid/,-73.855609,"1,000"
"$1,500,000",40.631937,https://www.zillow.com/homedetails/53-77th-St-Brooklyn-NY-11209/30695717_zpid/,-74.035438,"3,000"
"$530,000",40.700696,https://www.zillow.com/homedetails/11438-207th-St-Jamaica-NY-11411/32158907_zpid/,-73.747479,"1,596"
"$959,000",40.653607,https://www.zillow.com/homedetails/16148-87th-St-Jamaica-NY-11414/32215813_zpid/,-73.844581,"2,400"
"$890,000",40.606467,https://www.zillow.com/homedetails/1840-Haring-St-Brooklyn-NY-11229/30728969_zpid/,-73.942307,"1,890"
"$949,999",40.54537,https://www.zillow.com/homedetails/3863-Hylan-Blvd-Staten-Island-NY-10308/32346461_zpid/,-74.143405,"3,244"
"$799,000",40.830584,https://www.zillow.com/homedetails/900-Edison-Ave-Bronx-NY-10465/29844659_zpid/,-73.823898,"1,960"
"$789,000",40.675487,https://www.zillow.com/homedetails/13412-Francis-Lewis-Blvd-Laurelton-NY-11413/32204503_zpid/,-73.740067,"3,200"
"$1,388,000",40.709852,https://www.zillow.com/homedetails/377-Rector-Pl-APT-20B-New-York-NY-10280/31490789_zpid/,-74.01789,821
"$575,000",40.761876,https://www.zillow.com/homedetails/425-E-63rd-St-APT-E1K-New-York-NY-10065/244797557_zpid/,-73.958603,550
"$3,790,000",40.728865,https://www.zillow.com/homedetails/143-Noble-St-Brooklyn-NY-11222/30620203_zpid/,-73.954757,"6,035"
"$684,900",40.838418,https://www.zillow.com/homedetails/3144-Waterbury-Ave-Bronx-NY-10465/29841511_zpid/,-73.823611,"1,872"
"$988,000",40.789598,https://www.zillow.com/homedetails/12317-9th-Ave-Flushing-NY-11356/32021543_zpid/,-73.843876,"2,600"
"$3,150,000",40.725766,https://www.zillow.com/homedetails/687-Humboldt-St-Brooklyn-NY-11222/30621244_zpid/,-73.945673,"2,950"
"$378,500",40.576013,https://www.zillow.com/homedetails/3111-Brighton-2nd-St-APT-1C-Brooklyn-NY-11235/249322827_zpid/,-73.964755,"1,150"
"$829,000",40.658929,https://www.zillow.com/homedetails/25717-144th-Ave-Jamaica-NY-11422/32210823_zpid/,-73.731196,"3,600"
"$1,225,000",40.724982,https://www.zillow.com/homedetails/533-E-6th-St-New-York-NY-10009/31496116_zpid/,-73.982241,"8,682"
"$220,000",40.75737,https://www.zillow.com/homedetails/3225-88th-St-East-Elmhurst-NY-11369/2099886011_zpid/,-73.879572,700
"$625,000",40.610939,https://www.zillow.com/homedetails/1869-E-34th-St-Brooklyn-NY-11234/30783861_zpid/,-73.934808,"1,060"
"$1,895,000",40.780308,https://www.zillow.com/homedetails/64-E-86th-St-APT-4C-New-York-NY-10028/72530681_zpid/,-73.958237,"1,240"
"$635,000",40.697755,https://www.zillow.com/homedetails/10731-Guy-R-Brewer-Blvd-Jamaica-NY-11433/145602358_zpid/,-73.786714,"2,800"
"$525,000",40.585033,https://www.zillow.com/homedetails/27-Stanton-Rd-Brooklyn-NY-11235/30792456_zpid/,-73.93644,794
"$1,400,000",40.702454,https://www.zillow.com/homedetails/7138-68th-St-Glendale-NY-11385/32014628_zpid/,-73.885283,"2,200"
"$2,200,000",40.651105,https://www.zillow.com/homedetails/74-E-7th-St-Brooklyn-NY-11218/30671561_zpid/,-73.975045,"3,000"
"$1,189,000",40.600693,https://www.zillow.com/homedetails/125-Beverly-Rd-Staten-Island-NY-10305/32324797_zpid/,-74.077079,"2,684"
"$60,000",40.87672,https://www.zillow.com/homedetails/814-Tilden-St-1A-Bronx-NY-10467/215953342_zpid/,-73.861245,650
"$884,000",40.701491,https://www.zillow.com/homedetails/8606-121st-St-Jamaica-NY-11418/32117728_zpid/,-73.82989,"1,900"
"$725,000",40.807162,https://www.zillow.com/homedetails/609-W-114th-St-APT-87-New-York-NY-10025/72535208_zpid/,-73.965607,600
"$799,000",40.853141,https://www.zillow.com/homedetails/116-Pinehurst-Ave-APT-D33-New-York-NY-10033/244801268_zpid/,-73.939046,"547,512"
"$735,900",40.612073,https://www.zillow.com/homedetails/1971-Kimball-St-Brooklyn-NY-11234/30785324_zpid/,-73.928596,"1,192"
"$499,999",40.692042,https://www.zillow.com/homedetails/235-Skillman-St-2-Brooklyn-NY-11205/94716850_zpid/,-73.955956,900
"$599,000",40.711009,https://www.zillow.com/homedetails/106-08-227th-St-Queens-Village-NY-11429/2078131799_zpid/,-73.740301,
"$949,900",40.614016,https://www.zillow.com/homedetails/30-Iowa-Pl-Staten-Island-NY-10314/32283401_zpid/,-74.136163,"2,792"
"$888,888",40.587968,https://www.zillow.com/homedetails/288-Cromwell-Ave-Staten-Island-NY-10305/32326997_zpid/,-74.092259,"2,987"
"$13,970,012",40.746074,https://www.zillow.com/homedetails/232-E-35th-St-New-York-NY-10016/2090902352_zpid/,-73.977519,"8,240"
"$745,000",40.776197,https://www.zillow.com/homedetails/2523-120th-St-Flushing-NY-11354/32025133_zpid/,-73.847756,"1,268"
"$569,000",40.710046,https://www.zillow.com/homedetails/2120-Greene-Ave-APT-E3-Flushing-NY-11385/32007030_zpid/,-73.907044,966
"$3,200,000",40.729889,https://www.zillow.com/homedetails/19-Greenpoint-Ave-Brooklyn-NY-11222/30620041_zpid/,-73.960011,"2,840"
"$1,260,000",40.747872,https://www.zillow.com/homedetails/3954-46th-St-Long-Island-City-NY-11104/31934634_zpid/,-73.918042,"1,300"
"$749,000",40.728464,https://www.zillow.com/homedetails/8821-218th-Pl-Jamaica-NY-11427/32150995_zpid/,-73.745299,"1,169"
"$1,000,000",40.910855,https://www.zillow.com/homedetails/225-W-262nd-St-Bronx-NY-10471/122026964_zpid/,-73.897705,"2,260"
"$270,000",40.585813,https://www.zillow.com/homedetails/3655-Shore-Pkwy-APT-3B-Brooklyn-NY-11235/2078514397_zpid/,-73.94026,980
"$460,000",40.603443,https://www.zillow.com/homedetails/3395-Nostrand-Ave-APT-5B-Brooklyn-NY-11229/245004075_zpid/,-73.942313,"1,300"
"$760,000",40.75021,https://www.zillow.com/homedetails/35-48-80th-St-APT-52-Jackson-Heights-NY-11372/72701238_zpid/,-73.886461,"1,200"
"$739,000",40.753112,https://www.zillow.com/homedetails/27124-77th-Ave-Queens-NY-11040/32098892_zpid/,-73.703728,"1,377"
"$632,500",40.748051,https://www.zillow.com/homedetails/2-Tudor-City-Pl-APT-2FN-New-York-NY-10017/244753289_zpid/,-73.971411,710
"$1,925,000",40.575363,https://www.zillow.com/homedetails/285-Exeter-St-Brooklyn-NY-11235/30790941_zpid/,-73.947566,"2,700"
"$730,000",40.554298,https://www.zillow.com/homedetails/211-Cortelyou-Ave-Staten-Island-NY-10312/32353973_zpid/,-74.163356,"1,680"
"$1,400,000",40.606005,https://www.zillow.com/homedetails/533-Valleyview-Pl-Staten-Island-NY-10314/32288490_zpid/,-74.114056,"2,160"
"$308,888",40.747389,https://www.zillow.com/homedetails/224-42-Horace-Harding-Expwy-UNIT-626-Bayside-NY-11364/2077720297_zpid/,-73.756722,700
"$628,000",40.582979,https://www.zillow.com/homedetails/144-Jefferson-Ave-Staten-Island-NY-10306/32329087_zpid/,-74.101412,"1,728"
"$499,000",40.765977,https://www.zillow.com/homedetails/520-E-72nd-St-APT-10N-New-York-NY-10021/83121058_zpid/,-73.952827,650
"$299,995",40.705383,https://www.zillow.com/homedetails/83-60-118th-St-UNIT-1F-Kew-Gardens-NY-11415/246300086_zpid/,-73.834651,
"$555,000",40.697801,https://www.zillow.com/homedetails/175-Adams-St-APT-11F-Brooklyn-NY-11201/82786581_zpid/,-73.987853,675
"$599,000",40.648641,https://www.zillow.com/homedetails/193-E-37th-St-1-Brooklyn-NY-11203/2077761815_zpid/,-73.933736,"1,824"
"$1,450,000",40.607546,https://www.zillow.com/homedetails/2682-E-64th-St-Brooklyn-NY-11234/30788799_zpid/,-73.912034,"2,576"
"$599,000",40.733803,https://www.zillow.com/homedetails/255-15-E-Williston-Ave-Floral-Park-NY-11001/2077734129_zpid/,-73.711474,"1,200"
"$465,000",40.672377,https://www.zillow.com/homedetails/8610-Dumont-Ave-5A-Jamaica-NY-11417/32167609_zpid/,-73.84991,"1,152"
"$545,000",40.632206,https://www.zillow.com/homedetails/1658-Troy-Ave-Brooklyn-NY-11234/2078588796_zpid/,-73.934243,"1,584"
"$120,000",40.848327,https://www.zillow.com/homedetails/495-E-178th-St-APT-2B-Bronx-NY-10457/244430693_zpid/,-73.896647,"55,137"
"$875,000",40.908983,https://www.zillow.com/homedetails/6032-Liebig-Ave-Bronx-NY-10471/29853745_zpid/,-73.901338,"1,672"
"$286,000",40.908944,https://www.zillow.com/homedetails/92-Hamilton-Ave-5ED-Yonkers-NY-10705/2079130760_zpid/,-73.891332,
"$549,999",40.868062,https://www.zillow.com/homedetails/1089-Adee-Ave-Bronx-NY-10469/2077944979_zpid/,-73.850006,
"$750,000",40.642323,https://www.zillow.com/homedetails/329-E-28th-St-Brooklyn-NY-11226/30668821_zpid/,-73.950292,"1,378"
"$1,250,000",40.758278,https://www.zillow.com/homedetails/4038-189th-St-Flushing-NY-11358/2077942140_zpid/,-73.793793,"4,050"
"$769,000",40.567106,https://www.zillow.com/homedetails/254-10th-St-Staten-Island-NY-10306/32337282_zpid/,-74.119053,"1,717"
"$1,348,000",40.709785,https://www.zillow.com/homedetails/10113-75th-Rd-Flushing-NY-11375/32005157_zpid/,-73.843352,"1,568"
"$1,005,000",40.573784,https://www.zillow.com/homedetails/132-Beach-130-St-Belle-Harbor-NY-11694/32227174_zpid/,-73.847351,"1,600"
"$1,950,000",40.609612,https://www.zillow.com/homedetails/37-Bassett-Ave-Brooklyn-NY-11234/30788146_zpid/,-73.905868,"4,233"
"$927,000",40.731866,https://www.zillow.com/homedetails/7531-195th-St-Flushing-NY-11366/32079970_zpid/,-73.776052,"4,000"
"$340,000",40.757813,https://www.zillow.com/homedetails/242-36-Horace-Harding-Expy-F8-Little-Neck-NY-11362/219877124_zpid/,-73.738682,
"$299,000",40.585173,https://www.zillow.com/homedetails/16-Dunne-Pl-A-Brooklyn-NY-11235/30792305_zpid/,-73.937401,740
"$614,999",40.564087,https://www.zillow.com/homedetails/74-Daleham-St-Staten-Island-NY-10308/32341804_zpid/,-74.153273,"1,500"
"$579,999",40.65779,https://www.zillow.com/homedetails/928-Mother-Gaston-Blvd-Brooklyn-NY-11212/2085888517_zpid/,-73.90392,
"$780,000",40.718456,https://www.zillow.com/homedetails/71-01-Penelope-Ave-Middle-Village-NY-11379/2078484319_zpid/,-73.881243,"1,530"
"$1,500,000",40.56701,https://www.zillow.com/homedetails/397-Bayside-Ave-Breezy-Point-NY-11697/2126983440_zpid/,-73.894232,"1,600"
"$799,000",40.542174,https://www.zillow.com/homedetails/84-Oceanview-Pl-Staten-Island-NY-10308/32347784_zpid/,-74.152274,"1,610"
"$994,000",40.605102,https://www.zillow.com/homedetails/189-Garfield-Ave-Staten-Island-NY-10305/32322660_zpid/,-74.067367,"2,200"
"$998,000",40.758419,https://www.zillow.com/homedetails/3138-86th-St-Flushing-NY-11369/31961448_zpid/,-73.882443,"1,592"
"$579,900",40.601962,https://www.zillow.com/homedetails/322-Grasmere-Dr-Staten-Island-NY-10305/32321876_zpid/,-74.072012,"2,100"
"$550,000",40.75239,https://www.zillow.com/homedetails/32-W-40th-St-APT-5B-New-York-NY-10018/89710782_zpid/,-73.983621,525
"$340,000",40.707538,https://www.zillow.com/homedetails/83-40-Austin-St-APT-3H-Kew-Gardens-NY-11415/79731355_zpid/,-73.827413,
"$329,000",40.737467,https://www.zillow.com/homedetails/19671-69th-Ave-1-Fresh-Meadows-NY-11365/2099353971_zpid/,-73.776374,810
"$2,750,000",40.575607,https://www.zillow.com/homedetails/270-Dover-St-Brooklyn-NY-11235/30790884_zpid/,-73.949106,"3,600"
"$895,000",40.580276,https://www.zillow.com/homedetails/449-Seaver-Ave-Staten-Island-NY-10305/32332215_zpid/,-74.09024,"2,676"
"$999,000",40.622748,https://www.zillow.com/homedetails/919-80th-St-Brooklyn-NY-11228/30697629_zpid/,-74.018666,"1,802"
"$1,550,000",40.678451,https://www.zillow.com/homedetails/736-Bergen-St-Brooklyn-NY-11238/30589774_zpid/,-73.964345,"2,000"
"$1,249,000",40.591438,https://www.zillow.com/homedetails/2424-E-14th-St-Brooklyn-NY-11235/30747742_zpid/,-73.956232,"1,980"
"$5,088,000",40.724921,https://www.zillow.com/homedetails/11014-69th-Rd-Flushing-NY-11375/31979336_zpid/,-73.842284,"6,100"
"$289,000",40.587181,https://www.zillow.com/homedetails/2615-Homecrest-Ave-APT-6C-Brooklyn-NY-11235/2077766801_zpid/,-73.956689,750
"$999,999",40.786436,https://www.zillow.com/homedetails/16515-Cross-Island-Pkwy-Flushing-NY-11357/32029181_zpid/,-73.797138,"2,451"
"$548,000",40.572371,https://www.zillow.com/homedetails/1296-Mason-Ave-A-Staten-Island-NY-10306/79739226_zpid/,-74.099757,"1,266"
"$1,825,000",40.73261,https://www.zillow.com/homedetails/7331-189th-St-Fresh-Meadows-NY-11366/32078933_zpid/,-73.781432,"2,501"
"$375,000",40.820538,https://www.zillow.com/homedetails/3101-Wissman-Ave-Bronx-NY-10465/29846920_zpid/,-73.809763,780
"$1,450,000",40.780337,https://www.zillow.com/homedetails/2133-24th-St-Long-Island-City-NY-11105/31947397_zpid/,-73.913722,"1,928"
"$3,500,000",40.583638,https://www.zillow.com/homedetails/167-Nevada-Ave-Staten-Island-NY-10306/32295751_zpid/,-74.125227,"6,776"
"$685,000",40.68773,https://www.zillow.com/homedetails/345-Clinton-Ave-APT-4B-Brooklyn-NY-11238/245021127_zpid/,-73.967416,800
"$778,000",40.704518,https://www.zillow.com/homedetails/8139-Woodhaven-Blvd-Glendale-NY-11385/32019799_zpid/,-73.856006,"2,018"
"$650,000",40.696481,https://www.zillow.com/homedetails/6015-78th-Ave-Glendale-NY-11385/32011894_zpid/,-73.895778,"1,064"
"$298,899",40.584377,https://www.zillow.com/homedetails/175-Zoe-St-APT-6Q-Staten-Island-NY-10305/32328880_zpid/,-74.101247,814
"$1,850,000",40.596842,https://www.zillow.com/homedetails/26-Coldspring-Ct-Staten-Island-NY-10304/32294368_zpid/,-74.104833,"6,475"
"$849,999",40.6599,https://www.zillow.com/homedetails/682-Georgia-Ave-Brooklyn-NY-11207/30646552_zpid/,-73.894107,"2,928"
"$768,000",40.762695,https://www.zillow.com/homedetails/2516-83rd-St-East-Elmhurst-NY-11370/2139523010_zpid/,-73.886011,
"$918,000",40.741851,https://www.zillow.com/homedetails/15325-58th-Rd-Flushing-NY-11355/32065883_zpid/,-73.815535,"1,224"
"$340,000",40.75927,https://www.zillow.com/homedetails/25235-60th-Ave-Little-Neck-NY-11362/2141314216_zpid/,-73.72844,950
"$185,000",40.757348,https://www.zillow.com/homedetails/113-15-34th-Ave-APT-4B-Corona-NY-11368/89558340_zpid/,-73.855609,850
"$875,000",40.673299,https://www.zillow.com/homedetails/552-Chestnut-St-Brooklyn-NY-11208/30645682_zpid/,-73.873253,"2,695"
"$569,999",40.673235,https://www.zillow.com/homedetails/17630-129th-Ave-Jamaica-NY-11434/2085888455_zpid/,-73.775343,
"$1,250,000",40.61227,https://www.zillow.com/homedetails/1613-82nd-St-Brooklyn-NY-11214/30709546_zpid/,-74.00434,"2,360"
"$699,000",40.723256,https://www.zillow.com/homedetails/22043-93rd-Ave-Jamaica-NY-11428/32152123_zpid/,-73.734345,"1,392"
"$528,000",40.599034,https://www.zillow.com/homedetails/6932-Bayfield-Ave-Arverne-NY-11692/32224840_zpid/,-73.800113,900
"$475,000",40.889448,https://www.zillow.com/homedetails/3755-Henry-Hudson-Pkwy-APT-7A-Bronx-NY-10463/244441428_zpid/,-73.909709,"1,450"
"$915,000",40.880847,https://www.zillow.com/homedetails/2764-Netherland-Ave-Bronx-NY-10463/29851628_zpid/,-73.912806,"1,560"
"$339,000",40.752049,https://www.zillow.com/homedetails/325-E-41st-St-APT-104-New-York-NY-10017/244831594_zpid/,-73.973268,420
"$835,000",40.848021,https://www.zillow.com/homedetails/1823-Pilgrim-Ave-Bronx-NY-10461/29816002_zpid/,-73.833585,"3,034"
"$900,000",40.616569,https://www.zillow.com/homedetails/2171-61st-St-Brooklyn-NY-11204/30680554_zpid/,-73.979332,"1,376"
"$729,000",40.690834,https://www.zillow.com/homedetails/10940-153rd-St-Jamaica-NY-11433/32184884_zpid/,-73.796698,"1,956"
"$649,000",40.613978,https://www.zillow.com/homedetails/1713-E-35th-St-Brooklyn-NY-11234/30757607_zpid/,-73.936961,"1,200"
"$860,000",40.736445,https://www.zillow.com/homedetails/83-47-253rd-St-Bellerose-NY-11426/2078945945_zpid/,-73.714616,
"$569,000",40.679204,https://www.zillow.com/homedetails/14225-Foch-Blvd-Jamaica-NY-11436/32181837_zpid/,-73.798786,"1,120"
"$275,000",40.802987,https://www.zillow.com/homedetails/205-E-124th-St-APT-2D-New-York-NY-10035/244799919_zpid/,-73.935632,"17,400"
"$519,900",40.879267,https://www.zillow.com/homedetails/3701-Henry-Hudson-Pkwy-APT-3F-Bronx-NY-10463/244425713_zpid/,-73.91016,"1,650"
"$769,000",40.558428,https://www.zillow.com/homedetails/54-Gold-Ave-Staten-Island-NY-10312/32358584_zpid/,-74.179388,"1,880"
"$395,000",40.762954,https://www.zillow.com/homedetails/166-E-61st-St-APT-7D-New-York-NY-10065/2077760906_zpid/,-73.966248,550
"$499,000",40.503039,https://www.zillow.com/homedetails/30-Forest-Ln-Staten-Island-NY-10307/58579302_zpid/,-74.238142,"1,650"
"$595,000",40.760416,https://www.zillow.com/homedetails/500-W-43rd-St-APT-20D-New-York-NY-10036/31516684_zpid/,-73.995489,400
"$1,275,000",40.631213,https://www.zillow.com/homedetails/88-77th-St-Brooklyn-NY-11209/30696243_zpid/,-74.034453,"1,700"
"$1,168,000",40.777006,https://www.zillow.com/homedetails/22-16-163rd-St-Whitestone-NY-11357/32035132_zpid/,-73.80104,"1,950"
"$928,888",40.739242,https://www.zillow.com/homedetails/6130-186th-St-Flushing-NY-11365/32077577_zpid/,-73.788256,"1,384"
"$659,900",40.721299,https://www.zillow.com/homedetails/9116-214th-St-Jamaica-NY-11428/32149333_zpid/,-73.746846,"1,008"
"$650,000",40.767471,https://www.zillow.com/homedetails/14020-33rd-Ave-104-Flushing-NY-11354/32036747_zpid/,-73.827775,900
"$1,480,000",40.764035,https://www.zillow.com/homedetails/5342-Browvale-Ln-Flushing-NY-11362/32095687_zpid/,-73.730419,"2,080"
"$190,000",40.842778,https://www.zillow.com/homedetails/1575-Odell-St-Bronx-NY-10462/29805937_zpid/,-73.857358,829
"$1,749,999",40.51615,https://www.zillow.com/homedetails/70-Woodvale-Loop-Staten-Island-NY-10309/32368245_zpid/,-74.205543,"7,000"
"$499,999",40.593957,https://www.zillow.com/homedetails/162-Beach-27th-St-Far-Rockaway-NY-11691/32223624_zpid/,-73.759695,"1,150"
"$920,000",40.750283,https://www.zillow.com/homedetails/4718-189th-St-Flushing-NY-11358/32051362_zpid/,-73.790437,"1,600"
"$639,000",40.671786,https://www.zillow.com/homedetails/298-Bradford-St-Brooklyn-NY-11207/30634369_zpid/,-73.892246,"2,000"
"$749,999",40.565642,https://www.zillow.com/homedetails/8-Clarence-Pl-Staten-Island-NY-10306/32337508_zpid/,-74.124773,"2,012"
"$399,999",40.751261,https://www.zillow.com/homedetails/6721-242nd-St-Douglaston-NY-11362/2078477626_zpid/,-73.736579,550
"$650,000",40.59368,https://www.zillow.com/homedetails/68-Draper-Pl-Staten-Island-NY-10314/32309469_zpid/,-74.163597,"1,900"
"$897,000",40.670968,https://www.zillow.com/homedetails/13826-Redding-St-Jamaica-NY-11417/32167729_zpid/,-73.844607,"2,760"
"$1,050,000",40.546311,https://www.zillow.com/homedetails/821-Woodrow-Rd-Staten-Island-NY-10312/299998137_zpid/,-74.192983,"2,190"
"$734,000",40.854615,https://www.zillow.com/homedetails/1247-Rhinelander-Ave-Bronx-NY-10461/29818083_zpid/,-73.848967,"1,900"
"$1,287,888",40.75443,https://www.zillow.com/homedetails/4538-172nd-St-Flushing-NY-11358/32049293_zpid/,-73.793899,"2,400"
"$825,000",40.601757,https://www.zillow.com/homedetails/1976-E-16th-St-Brooklyn-NY-11229/143008924_zpid/,-73.956204,"1,536"
"$950,000",40.703458,https://www.zillow.com/homedetails/8313-Myrtle-Ave-Glendale-NY-11385/32018661_zpid/,-73.865124,"2,230"
"$3,499,000",40.579174,https://www.zillow.com/homedetails/146-Irwin-St-Brooklyn-NY-11235/30791108_zpid/,-73.944047,"4,000"
"$1,299,000",40.638086,https://www.zillow.com/homedetails/515-E-28th-St-Brooklyn-NY-11210/30669674_zpid/,-73.949835,"3,200"
"$339,000",40.827748,https://www.zillow.com/homedetails/1242-Prospect-Ave-3D-Bronx-NY-10459/89074759_zpid/,-73.897928,"1,068"
"$590,000",40.592698,https://www.zillow.com/homedetails/15-Scott-Ave-Staten-Island-NY-10305/64571800_zpid/,-74.078694,"1,232"
"$475,000",40.81604,https://www.zillow.com/homedetails/3263-Giegerich-Pl-Bronx-NY-10465/29847324_zpid/,-73.800939,"1,368"
"$799,500",40.768061,https://www.zillow.com/homedetails/360-E-72nd-St-APT-B211-New-York-NY-10021/81945062_zpid/,-73.956975,835
"$449,000",40.73635,https://www.zillow.com/homedetails/335-W-21st-St-APT-1RE-New-York-NY-10011/89462063_zpid/,-73.980865,350
"$853,000",40.722167,https://www.zillow.com/homedetails/16023-78th-Rd-Flushing-NY-11366/32072951_zpid/,-73.806914,"1,350"
"$375,000",40.605423,https://www.zillow.com/homedetails/27-W-11th-Rd-Broad-Channel-NY-11693/32218805_zpid/,-73.821123,900
"$1,499,999",40.748566,https://www.zillow.com/homedetails/4848-193rd-St-Flushing-NY-11365/32051965_zpid/,-73.786621,"2,496"
"$939,000",40.659336,https://www.zillow.com/homedetails/15929-92nd-St-Jamaica-NY-11414/2077785010_zpid/,-73.843743,
"$2,250,000",40.723901,https://www.zillow.com/homedetails/29-Sutton-St-Brooklyn-NY-11222/30621847_zpid/,-73.940682,"2,550"
"$915,000",40.631698,https://www.zillow.com/homedetails/328-74th-St-APT-3-Brooklyn-NY-11209/2084872653_zpid/,-74.026702,"1,161"
"$2,000,000",40.605981,https://www.zillow.com/homedetails/107-Indiana-Pl-Brooklyn-NY-11234/216144542_zpid/,-73.904796,"2,348"
"$659,000",40.893085,https://www.zillow.com/homedetails/4135-Ely-Ave-Bronx-NY-10466/29837136_zpid/,-73.846859,"1,690"
"$775,000",40.586388,https://www.zillow.com/homedetails/415-Cromwell-Ave-Staten-Island-NY-10305/68321807_zpid/,-74.088172,"1,472"
"$399,999",40.575984,https://www.zillow.com/homedetails/3164-Richmond-Rd-B-Staten-Island-NY-10306/32338211_zpid/,-74.126931,964
"$359,900",40.578296,https://www.zillow.com/homedetails/49-Stone-Ln-Staten-Island-NY-10314/32316227_zpid/,-74.157793,"1,008"
"$2,500,000",40.764867,https://www.zillow.com/homedetails/540-W-49th-St-PENTHOUSE-3N-New-York-City-NY-10019/2078716844_zpid/,-73.994209,1
"$569,000",40.696014,https://www.zillow.com/homedetails/10912-167th-St-Jamaica-NY-11433/2079239316_zpid/,-73.786752,"1,188"
"$1,690,000",40.642434,https://www.zillow.com/homedetails/260-Westminster-Rd-Brooklyn-NY-11218/30667271_zpid/,-73.967791,"3,800"
"$655,000",40.739533,https://www.zillow.com/homedetails/56-22-175th-Pl-A-Fresh-Meadows-NY-11365/2077729021_zpid/,-73.791637,801
"$629,000",40.621455,https://www.zillow.com/homedetails/4815-Avenue-M-Brooklyn-NY-11234/30762975_zpid/,-73.928553,"1,276"
"$920,000",40.854351,https://www.zillow.com/homedetails/2866-E-197th-St-Bronx-NY-10461/29816971_zpid/,-73.832153,"3,060"
"$399,000",40.575068,https://www.zillow.com/homedetails/50-Brighton-1st-Rd-Brooklyn-NY-11235/245048157_zpid/,-73.967202,800
"$250,000",40.761888,https://www.zillow.com/homedetails/190-05-39th-Ave-140-Flushing-NY-11358/2079227718_zpid/,-73.791465,
"$1,488,000",40.769568,https://www.zillow.com/homedetails/2930-172nd-St-Flushing-NY-11358/32036468_zpid/,-73.793581,"2,392"
"$718,000",40.74409,https://www.zillow.com/homedetails/8043-262nd-St-Glen-Oaks-NY-11004/2081791380_zpid/,-73.708579,"5,000"
"$565,000",40.580245,https://www.zillow.com/homedetails/10804-Shore-Front-Pkwy-2B-Far-Rockaway-NY-11694/117615624_zpid/,-73.829224,"1,013"
"$869,000",40.8252,https://www.zillow.com/homedetails/1042-Elder-Ave-Bronx-NY-10472/29794337_zpid/,-73.878096,"3,120"
"$760,000",40.657683,https://www.zillow.com/homedetails/8312-159th-Ave-Jamaica-NY-11414/32215146_zpid/,-73.848617,"2,125"
"$1,495,000",40.761585,https://www.zillow.com/homedetails/531-Main-St-APT-915-New-York-City-NY-10044/2078303558_zpid/,-73.950443,"1,620"
"$764,000",40.610829,https://www.zillow.com/homedetails/3502-Fillmore-Ave-Brooklyn-NY-11234/30785013_zpid/,-73.933559,"1,550"
"$555,000",40.864925,https://www.zillow.com/homedetails/1510-Allerton-Ave-Bronx-NY-10469/29822209_zpid/,-73.842834,"1,448"
"$1,850,000",40.758866,https://www.zillow.com/homedetails/14722-Ash-Ave-Flushing-NY-11355/32046030_zpid/,-73.815937,"2,731"
"$235,000",40.614348,https://www.zillow.com/homedetails/9524-Fort-Hamilton-Pkwy-APT-403-Brooklyn-NY-11209/245522577_zpid/,-74.030096,650
"$863,000",40.601208,https://www.zillow.com/homedetails/260-Avenue-S-Brooklyn-NY-11223/30734672_zpid/,-73.975714,"1,400"
"$939,000",40.659336,https://www.zillow.com/homedetails/159-29-92nd-St-Howard-Beach-NY-11414/2077754638_zpid/,-73.843743,
"$849,000",40.596128,https://www.zillow.com/homedetails/63-Hickory-Ave-Staten-Island-NY-10305/32325465_zpid/,-74.073654,"2,025"
"$599,999",40.558188,https://www.zillow.com/homedetails/174-Kennington-St-Staten-Island-NY-10308/32342189_zpid/,-74.152235,"1,680"
"$165,000",40.821197,https://www.zillow.com/homedetails/530-E-159th-St-53-Bronx-NY-10451/2078124441_zpid/,-73.910198,
"$380,000",40.750878,https://www.zillow.com/homedetails/4335-Union-St-Flushing-NY-11355/32042030_zpid/,-73.824237,"146,735"
"$765,000",40.56222,https://www.zillow.com/homedetails/177-Finley-Ave-Staten-Island-NY-10306/32334931_zpid/,-74.105612,"2,148"
"$599,999",40.677424,https://www.zillow.com/homedetails/8410-107th-Ave-Jamaica-NY-11417/32114311_zpid/,-73.852359,"1,300"
"$1,870,000",40.73145,https://www.zillow.com/homedetails/170-Java-St-Brooklyn-NY-11222/30620029_zpid/,-73.953911,"3,042"
"$637,000",40.694061,https://www.zillow.com/homedetails/13015-97th-Ave-Jamaica-NY-11419/32123679_zpid/,-73.817299,"1,168"
"$1,100,000",40.613875,https://www.zillow.com/homedetails/8406-14th-Ave-Brooklyn-NY-11228/30710630_zpid/,-74.010931,"1,540"
"$799,999",40.661231,https://www.zillow.com/homedetails/14636-176th-St-Jamaica-NY-11434/32207297_zpid/,-73.770195,"1,020"
"$549,000",40.759335,https://www.zillow.com/homedetails/135-E-54th-St-APT-4A-New-York-NY-10022/31528340_zpid/,-73.97074,575
"$539,999",40.670348,https://www.zillow.com/homedetails/689-Vermont-St-Brooklyn-NY-11207/2077980390_zpid/,-73.893168,
"$649,000",40.674973,https://www.zillow.com/homedetails/218-Lincoln-Pl-APT-2A-Brooklyn-NY-11217/79714521_zpid/,-73.973265,
"$3,250,000",40.774842,https://www.zillow.com/homedetails/9-Arleigh-Rd-Douglaston-NY-11363/32092744_zpid/,-73.753081,"3,500"
"$999,888",40.609762,https://www.zillow.com/homedetails/104-Quinlan-Ave-Staten-Island-NY-10314/32289724_zpid/,-74.129196,"4,000"
"$649,900",40.560496,https://www.zillow.com/homedetails/46-Jumel-St-Staten-Island-NY-10308/32341489_zpid/,-74.148493,"1,536"
"$1,100,000",40.604155,https://www.zillow.com/homedetails/1920-E-27th-St-Brooklyn-NY-11229/30742365_zpid/,-73.945796,"1,162"
"$550,000",40.579186,https://www.zillow.com/homedetails/3605-Canal-Ave-Brooklyn-NY-11224/30732406_zpid/,-74.002821,"1,520"
"$890,000",40.616848,https://www.zillow.com/homedetails/482-Watchogue-Rd-Staten-Island-NY-10314/32302945_zpid/,-74.148603,"2,440"
"$284,000",40.76304,https://www.zillow.com/homedetails/20910-41st-Ave-APT-1H-Flushing-NY-11361/79514067_zpid/,-73.77672,800
"$600,000",40.7629,https://www.zillow.com/homedetails/3347-14th-St-APT-5D-Astoria-NY-11106/2077861105_zpid/,-73.932796,
"$418,999",40.792704,https://www.zillow.com/homedetails/16221-Powells-Cove-Blvd-3S-Beechhurst-NY-11357/2097776565_zpid/,-73.798556,
"$949,000",40.684121,https://www.zillow.com/homedetails/45-President-St-45G-Brooklyn-NY-11231/2078125648_zpid/,-74.004666,850
"$836,000",40.591236,https://www.zillow.com/homedetails/182-Olympia-Blvd-Staten-Island-NY-10305/32328244_zpid/,-74.074278,"2,524"
"$795,000",40.719831,https://www.zillow.com/homedetails/99-Kingsland-Ave-APT-102-Brooklyn-NY-11222/2095350090_zpid/,-73.940995,"1,200"
"$1,450,000",40.504197,https://www.zillow.com/homedetails/40-Dintree-Ln-Staten-Island-NY-10307/112116396_zpid/,-74.230881,"5,400"
"$655,000",40.689242,https://www.zillow.com/homedetails/8940-90th-St-Jamaica-NY-11421/32109975_zpid/,-73.853623,"1,138"
"$849,000",40.690567,https://www.zillow.com/homedetails/277-Washington-Ave-APT-6K-Brooklyn-NY-11205/79722568_zpid/,-73.965825,900
"$549,900",40.718696,https://www.zillow.com/homedetails/9005-208th-St-Queens-Village-NY-11428/219890300_zpid/,-73.755166,"1,272"
"$988,000",40.616366,https://www.zillow.com/homedetails/27-Tremont-Ave-Staten-Island-NY-10314/32303152_zpid/,-74.149742,"3,100"
"$950,000",40.847693,https://www.zillow.com/homedetails/1678-Grand-Ave-Bronx-NY-10453/29782063_zpid/,-73.914257,"4,800"
"$1,650,000",40.580117,https://www.zillow.com/homedetails/80-Dover-St-Brooklyn-NY-11235/30790516_zpid/,-73.949969,"2,578"
"$785,000",40.613957,https://www.zillow.com/homedetails/27-White-Plains-Ave-Staten-Island-NY-10305/32320743_zpid/,-74.075197,"3,000"
"$770,000",40.727267,https://www.zillow.com/homedetails/7549-Utopia-Pkwy-Flushing-NY-11366/32079314_zpid/,-73.792008,"1,080"
"$324,000",40.731548,https://www.zillow.com/homedetails/9737-63rd-Rd-6M-Rego-Park-NY-11374/2078220905_zpid/,-73.859938,
"$939,000",40.709194,https://www.zillow.com/homedetails/6138-Gates-Ave-Flushing-NY-11385/32013004_zpid/,-73.896963,"3,492"
"$4,500,000",40.717372,https://www.zillow.com/homedetails/224-Withers-St-Brooklyn-NY-11211/30624003_zpid/,-73.942356,"4,500"
"$1,299,000",40.75381,https://www.zillow.com/homedetails/3312-69th-St-Flushing-NY-11377/31955616_zpid/,-73.897706,"2,014"
"$559,000",40.888389,https://www.zillow.com/homedetails/1169-Grenada-Pl-Bronx-NY-10466/29834781_zpid/,-73.843623,"1,188"
"$999,000",40.844536,https://www.zillow.com/homedetails/3264-Griswold-Ave-Bronx-NY-10465/29844198_zpid/,-73.818133,"3,180"
"$569,000",40.832293,https://www.zillow.com/homedetails/1291-Rosedale-Ave-Bronx-NY-10472/29796129_zpid/,-73.869685,"1,750"
"$615,000",40.687918,https://www.zillow.com/homedetails/100-Autumn-Ave-Brooklyn-NY-11208/30641713_zpid/,-73.871463,"1,636"
"$3,799,990",40.683245,https://www.zillow.com/homedetails/455-Franklin-Ave-Brooklyn-NY-11238/2102420924_zpid/,-73.955918,"5,995"
"$1,190,000",40.870591,https://www.zillow.com/homedetails/65-Park-Ter-E-APT-C85-New-York-NY-10034/92427541_zpid/,-73.916607,"1,250"
"$488,808",40.537701,https://www.zillow.com/homedetails/72-Glover-St-Staten-Island-NY-10308/32349118_zpid/,-74.146705,"1,069"
"$1,690,000",40.779736,https://www.zillow.com/homedetails/145-03-22nd-Ave-Whitestone-NY-11357/2077761998_zpid/,-73.823008,
"$4,495,000",40.679847,https://www.zillow.com/homedetails/114-1st-Pl-Brooklyn-NY-11231/30572868_zpid/,-73.996317,"5,340"
"$250,000",40.840224,https://www.zillow.com/homedetails/1563-Metropolitan-Ave-APT-6G-Bronx-NY-10462/29810664_zpid/,-73.859609,900
"$958,888",40.581308,https://www.zillow.com/homedetails/491-Mason-Ave-Staten-Island-NY-10305/32331339_zpid/,-74.092016,"2,120"
"$219,000",40.659336,https://www.zillow.com/homedetails/8935-155th-Ave-APT-3M-Howard-Beach-NY-11414/245433277_zpid/,-73.843743,925
"$769,000",40.741412,https://www.zillow.com/homedetails/8050-250th-St-Jamaica-NY-11426/32099039_zpid/,-73.719983,"1,321"
"$499,999",40.702486,https://www.zillow.com/homedetails/622-Wallabout-St-Brooklyn-NY-11206/2077865192_zpid/,-73.942522,
"$230,000",40.770148,https://www.zillow.com/homedetails/2950-137th-St-APT-4H-Flushing-NY-11354/2078388065_zpid/,-73.831793,760
"$1,375,000",40.597175,https://www.zillow.com/homedetails/8767-23rd-Ave-Brooklyn-NY-11214/30730127_zpid/,-73.994737,"2,071"
"$769,000",40.868006,https://www.zillow.com/homedetails/911-Arnow-Ave-Bronx-NY-10469/29824022_zpid/,-73.860896,"2,800"
"$638,000",40.555343,https://www.zillow.com/homedetails/161-Presentation-Cir-Staten-Island-NY-10312/112110813_zpid/,-74.185383,"1,991"
"$649,900",40.575439,https://www.zillow.com/homedetails/70-Steele-Ave-Staten-Island-NY-10306/32330666_zpid/,-74.116733,"1,196"
"$700,000",40.825155,https://www.zillow.com/homedetails/595-E-164th-St-Bronx-NY-10456/29778906_zpid/,-73.906738,"2,400"
"$740,000",40.850712,https://www.zillow.com/homedetails/3108-Sands-Pl-Bronx-NY-10461/29816769_zpid/,-73.829536,"2,000"
"$650,000",40.559536,https://www.zillow.com/homedetails/454-Drumgoole-Rd-W-Staten-Island-NY-10312/32357514_zpid/,-74.174027,"2,000"
"$495,000",40.700012,https://www.zillow.com/homedetails/11429-204th-St-Jamaica-NY-11412/32158769_zpid/,-73.750392,"1,652"
"$638,800",40.664284,https://www.zillow.com/homedetails/244-Amboy-St-Brooklyn-NY-11212/2078416465_zpid/,-73.913374,"1,696"
"$795,000",40.716617,https://www.zillow.com/homedetails/16401-Grand-Central-Pkwy-Jamaica-Estates-NY-11432/32077257_zpid/,-73.802979,"1,550"
"$565,000",40.902885,https://www.zillow.com/homedetails/5455-Sylvan-Ave-Riverdale-NY-10471/29853036_zpid/,-73.898682,"5,428"
"$788,888",40.744827,https://www.zillow.com/homedetails/4907-43rd-Ave-1R-Woodside-NY-11377/2078405698_zpid/,-73.915253,730
"$579,000",40.898854,https://www.zillow.com/homedetails/1847-Nereid-Ave-Bronx-NY-10466/29839505_zpid/,-73.848967,"2,272"
"$850,000",40.705088,https://www.zillow.com/homedetails/7958-78th-Ave-Glendale-NY-11385/32018425_zpid/,-73.869457,"2,272"
"$1,200,000",40.847492,https://www.zillow.com/homedetails/1638-Kennellworth-Pl-Bronx-NY-10465/29844015_zpid/,-73.821757,"3,080"
"$528,000",40.7675,https://www.zillow.com/homedetails/3205-Linden-Pl-APT-D1-Flushing-NY-11354/63054842_zpid/,-73.831475,753
"$289,000",40.733005,https://www.zillow.com/homedetails/67-27-152nd-St-208B-Flushing-NY-11367/112083981_zpid/,-73.817238,750
"$569,000",40.671496,https://www.zillow.com/homedetails/130-30-130th-St-Ozone-Park-NY-11420/2078176900_zpid/,-73.808876,
"$469,999",40.547032,https://www.zillow.com/homedetails/3-Delmar-Ave-A-Staten-Island-NY-10312/32363368_zpid/,-74.196076,"1,072"
"$399,999",40.59967,https://www.zillow.com/homedetails/2800-Brookhaven-Ave-Queens-NY-11691/2078078715_zpid/,-73.760464,
"$820,000",40.785712,https://www.zillow.com/homedetails/1505-Jordan-Ct-102U-Bayside-NY-11360/2077906721_zpid/,-73.784753,"1,200"
"$899,999",40.590191,https://www.zillow.com/homedetails/1313-Avenue-Y-Brooklyn-NY-11235/30747763_zpid/,-73.956143,"1,312"
"$899,000",40.689792,https://www.zillow.com/homedetails/372-Dekalb-Ave-APT-2E-Brooklyn-NY-11205/113499195_zpid/,-73.962805,"1,126"
"$975,000",40.7293,https://www.zillow.com/homedetails/7531-183rd-St-Flushing-NY-11366/32079614_zpid/,-73.786045,"1,400"
"$398,000",40.7222,https://www.zillow.com/homedetails/110-20-71st-Avenue-502-Forest-Hills-NY-11375/2101590261_zpid/,-73.8392,900
"$429,000",40.791788,https://www.zillow.com/homedetails/167-05-12th-Ave-APT-8A-Whitestone-NY-11357/89137930_zpid/,-73.796723,"1,014"
"$302,000",40.780102,https://www.zillow.com/homedetails/19926-19th-Ave-Whitestone-NY-11357/2138317391_zpid/,-73.792806,
"$400,000",40.588997,https://www.zillow.com/homedetails/1935-Shore-Pkwy-APT-12A-Brooklyn-NY-11214/113265622_zpid/,-73.992097,"1,000"
"$1,795,000",40.631303,https://www.zillow.com/homedetails/20-Waldorf-Ct-Brooklyn-NY-11230/30723818_zpid/,-73.962654,"2,304"
"$1,050,000",40.601588,https://www.zillow.com/homedetails/1863-W-10th-St-Brooklyn-NY-11223/30722721_zpid/,-73.982034,"1,690"
"$738,999",40.610662,https://www.zillow.com/homedetails/1833-79th-St-Brooklyn-NY-11214/83042914_zpid/,-73.997152,"1,150"
"$1,199,000",40.807448,https://www.zillow.com/homedetails/203-W-122nd-St-APT-4-New-York-NY-10027/80012280_zpid/,-73.950118,"1,049"
"$2,100,000",40.661536,https://www.zillow.com/homedetails/233-Lincoln-Rd-Brooklyn-NY-11225/30595451_zpid/,-73.954984,"3,600"
"$735,000",40.671145,https://www.zillow.com/homedetails/9003-Albert-Rd-Jamaica-NY-11417/32167829_zpid/,-73.844073,"1,960"
"$378,000",40.780542,https://www.zillow.com/homedetails/1646-200th-St-FLOOR-1-Bayside-NY-11360/2078198995_zpid/,-73.779631,
"$300,000",40.648164,https://www.zillow.com/homedetails/350-Richmond-Ter-APT-3V-Staten-Island-NY-10301/244597424_zpid/,-74.084981,"1,086"
"$1,250,000",40.742376,https://www.zillow.com/homedetails/26419-82nd-Ave-Queens-NY-11004/32103179_zpid/,-73.70543,"1,092"
"$1,600,000",40.751589,https://www.zillow.com/homedetails/5775-Cloverdale-Blvd-Bayside-NY-11364/2126973965_zpid/,-73.75106,
"$888,000",40.704816,https://www.zillow.com/homedetails/8737-Union-Tpke-Glendale-NY-11385/32018990_zpid/,-73.860796,"2,300"
"$4,985,000",40.779515,https://www.zillow.com/homedetails/170-E-87th-St-APT-E8A-New-York-NY-10128/143158817_zpid/,-73.953751,"2,610"
"$650,000",40.762761,https://www.zillow.com/homedetails/14238-37th-Ave-5-Flushing-NY-11354/2088075364_zpid/,-73.825725,401
"$789,000",40.507807,https://www.zillow.com/homedetails/28-30-Culotta-Ln-Staten-Island-NY-10309/58579249_zpid/,-74.22755,"1,536"
"$1,399,000",40.701505,https://www.zillow.com/homedetails/5805-69th-Ave-Flushing-NY-11385/32009027_zpid/,-73.902411,"5,070"
"$1,350,000",40.787379,https://www.zillow.com/homedetails/1115-129th-St-Flushing-NY-11356/32022267_zpid/,-73.83891,"3,300"
"$595,000",40.869014,https://www.zillow.com/homedetails/2851-Bainbridge-Ave-Bronx-NY-10458/112505137_zpid/,-73.887808,"4,841"
"$780,000",40.696967,https://www.zillow.com/homedetails/7818-64th-Ln-Glendale-NY-11385/32015914_zpid/,-73.889969,"1,588"
"$1,288,000",40.62028,https://www.zillow.com/homedetails/26-Fairway-Ln-Staten-Island-NY-10301/32278000_zpid/,-74.107308,"3,241"
"$725,000",40.720838,https://www.zillow.com/homedetails/9434-222nd-St-Jamaica-NY-11428/32152012_zpid/,-73.732912,"1,376"
"$759,000",40.774876,https://www.zillow.com/homedetails/130-W-67th-St-APT-10L-New-York-NY-10023/120288979_zpid/,-73.983229,
"$439,000",40.579526,https://www.zillow.com/homedetails/464-Neptune-Ave-APT-15B-Brooklyn-NY-11224/245015721_zpid/,-73.971652,"1,100"
"$345,000",40.622282,https://www.zillow.com/homedetails/400-Lisk-Ave-Staten-Island-NY-10303/32306342_zpid/,-74.162486,1
"$615,000",40.835162,https://www.zillow.com/homedetails/3254-Layton-Ave-Bronx-NY-10465/29845863_zpid/,-73.818582,"1,678"
"$699,000",40.576692,https://www.zillow.com/homedetails/65-Oceana-Dr-UNIT-1A-Brooklyn-NY-11235/2078832425_zpid/,-73.957128,"1,247"
"$929,000",40.651396,https://www.zillow.com/homedetails/11-Fairview-Pl-Brooklyn-NY-11226/30658716_zpid/,-73.948346,"2,122"
"$399,999",40.749587,https://www.zillow.com/homedetails/6127-224th-St-Bayside-NY-11364/2118347915_zpid/,-73.753468,900
"$985,000",40.7129,https://www.zillow.com/homedetails/19326-Woodhull-Ave-Hollis-NY-11423/219884457_zpid/,-73.7621,"2,200"
"$1,749,950",40.681727,https://www.zillow.com/homedetails/263-Bainbridge-St-A-Brooklyn-NY-11233/30606127_zpid/,-73.926466,"2,250"
"$1,279,888",40.531424,https://www.zillow.com/homedetails/151-Noel-St-Staten-Island-NY-10312/32366371_zpid/,-74.166226,"3,819"
"$635,000",40.867231,https://www.zillow.com/homedetails/2760-Paulding-Ave-Bronx-NY-10469/29823000_zpid/,-73.858341,"1,701"
"$1,699,000",40.599625,https://www.zillow.com/homedetails/2072-E-18th-St-Brooklyn-NY-11229/30743155_zpid/,-73.953967,"3,252"
"$360,000",40.602003,https://www.zillow.com/homedetails/30-Bay-29th-St-APT-6G-Brooklyn-NY-11214/72657294_zpid/,-73.995334,"1,020"
"$1,348,888",40.594761,https://www.zillow.com/homedetails/8770-25th-Ave-Brooklyn-NY-11214/30730404_zpid/,-73.990889,"2,400"
"$1,350,000",40.76934,https://www.zillow.com/homedetails/4572-Browvale-Ln-Flushing-NY-11362/32095339_zpid/,-73.733673,"2,310"
"$485,000",40.767993,https://www.zillow.com/homedetails/300-E-71st-St-APT-12S-New-York-NY-10021/244798778_zpid/,-73.95892,550
"$278,000",40.83611,https://www.zillow.com/homedetails/1368-Metropolitan-Ave-APT-3A-Bronx-NY-10462/29803536_zpid/,-73.858931,829
"$699,998",40.72232,https://www.zillow.com/homedetails/11045-71st-Rd-APT-6R-Flushing-NY-11375/245410560_zpid/,-73.839736,"1,100"
"$439,000",40.715521,https://www.zillow.com/homedetails/6417-72nd-St-APT-3D-Middle-Village-NY-11379/2077789054_zpid/,-73.883156,
"$387,500",40.555503,https://www.zillow.com/homedetails/2004-Arthur-Kill-Rd-Staten-Island-NY-10312/32363071_zpid/,-74.201514,"1,008"
"$799,000",40.74689,https://www.zillow.com/homedetails/7903-262nd-St-Floral-Park-NY-11004/2085186555_zpid/,-73.709735,
"$1,925,000",40.768699,https://www.zillow.com/homedetails/3222-162nd-St-Flushing-NY-11358/32035575_zpid/,-73.803139,"2,759"
"$650,000",40.563987,https://www.zillow.com/homedetails/1126-Arthur-Kill-Rd-Staten-Island-NY-10312/32359089_zpid/,-74.178705,"2,016"
"$2,200,000",40.68583,https://www.zillow.com/homedetails/291-Gates-Ave-Brooklyn-NY-11216/30613707_zpid/,-73.95592,"2,880"
"$899,999",40.67235,https://www.zillow.com/homedetails/422-Barbey-St-Brooklyn-NY-11207/83049672_zpid/,-73.887689,"4,200"
"$555,000",40.632937,https://www.zillow.com/homedetails/4711-Avenue-H-Brooklyn-NY-11234/30758061_zpid/,-73.930873,810
"$888,000",40.585599,https://www.zillow.com/homedetails/9114-Holland-Ave-Rockaway-Beach-NY-11693/32225619_zpid/,-73.814432,"1,550"
"$1,600,000",40.718162,https://www.zillow.com/homedetails/181-Hester-St-APT-3A-New-York-NY-10013/69523999_zpid/,-73.997318,500
"$750,000",40.70912,https://www.zillow.com/homedetails/300-Rector-Pl-APT-8H-New-York-NY-10280/31491826_zpid/,-74.0175,625
"$650,000",40.596372,https://www.zillow.com/homedetails/7-Father-Capodanno-Blvd-Staten-Island-NY-10305/62723652_zpid/,-74.062144,"1,200"
"$990,000",40.613576,https://www.zillow.com/homedetails/2326-62nd-St-Brooklyn-NY-11204/30717599_zpid/,-73.976808,"1,440"
"$539,000",40.813107,https://www.zillow.com/homedetails/1793-Patterson-Ave-FLOOR-1-Bronx-NY-10473/2078366164_zpid/,-73.857536,"1,728"
"$145,000",40.88018,https://www.zillow.com/homedetails/629-Kappock-St-Bronx-NY-10463/29851578_zpid/,-73.91693,500
"$1,050,000",40.739934,https://www.zillow.com/homedetails/5922-Parsons-Blvd-Flushing-NY-11365/32071045_zpid/,-73.810611,"1,216"
"$719,900",40.592376,https://www.zillow.com/homedetails/42-Fane-Ct-Brooklyn-NY-11229/2077874870_zpid/,-73.928584,"1,050"
"$299,000",40.766192,https://www.zillow.com/homedetails/3815-149th-St-APT-5V-Flushing-NY-11354/245386529_zpid/,-73.832245,"114,151"
"$329,000",40.614319,https://www.zillow.com/homedetails/2033-E-57th-St-107D-Brooklyn-NY-11234/245026746_zpid/,-73.918285,780
"$639,000",40.684053,https://www.zillow.com/homedetails/95-13-84th-St-Ozone-Park-NY-11416/2078826551_zpid/,-73.856529,"1,520"
"$1,285,000",40.617765,https://www.zillow.com/homedetails/2315-E-74th-St-Brooklyn-NY-11234/30783174_zpid/,-73.901072,"2,800"
"$2,500,000",40.727185,https://www.zillow.com/homedetails/73-Calyer-St-Brooklyn-NY-11222/30620308_zpid/,-73.958219,"4,315"
"$279,000",40.729135,https://www.zillow.com/homedetails/9963-66th-Ave-APT-D2-Flushing-NY-11374/245372684_zpid/,-73.8526,600
"$699,999",40.607232,https://www.zillow.com/homedetails/2394-Mott-Ave-Far-Rockaway-NY-11691/32221569_zpid/,-73.762049,"2,064"
"$369,000",40.738685,https://www.zillow.com/homedetails/8710-51st-Ave-APT-7O-Elmhurst-NY-11373/245480651_zpid/,-73.876165,607
"$1,200,000",40.770949,https://www.zillow.com/homedetails/7905-21st-Ave-East-Elmhurst-NY-11370/145596925_zpid/,-73.890723,"1,890"
"$2,359,000",40.738899,https://www.zillow.com/homedetails/222-W-14th-St-9GH-New-York-NY-10011/2077783447_zpid/,-74.001297,"1,104"
"$250,000",40.741844,https://www.zillow.com/homedetails/8111-45th-Ave-APT-8V-Flushing-NY-11373/114443750_zpid/,-73.883539,450
"$1,975,000",40.661668,https://www.zillow.com/homedetails/304-18th-St-Brooklyn-NY-11215/30580376_zpid/,-73.989811,"2,200"
"$850,000",40.720667,https://www.zillow.com/homedetails/19865-Foothill-Ave-Hollis-NY-11423/2123615680_zpid/,-73.762893,"2,772"
"$228,000",40.64795,https://www.zillow.com/homedetails/350-Richmond-Ter-APT-1E-Staten-Island-NY-10301/217911597_zpid/,-74.084863,734
"$450,000",40.888226,https://www.zillow.com/homedetails/4114-Paulding-Ave-Bronx-NY-10466/29833653_zpid/,-73.849733,"1,392"
"$424,900",40.784632,https://www.zillow.com/homedetails/1805-215th-St-APT-6R-Bayside-NY-11360/245408555_zpid/,-73.77514,930
"$879,000",40.657789,https://www.zillow.com/homedetails/135-Hawthorne-St-APT-6H-Brooklyn-NY-11225/79488963_zpid/,-73.955698,"1,383"
"$289,900",40.602709,https://www.zillow.com/homedetails/268-Bay-17th-St-APT-A1-Brooklyn-NY-11214/2078194265_zpid/,-74.008804,700
"$409,999",40.659336,https://www.zillow.com/homedetails/84-29-153rd-Ave-4-H-Howard-Beach-NY-11414/2078367033_zpid/,-73.843743,"1,200"
"$519,000",40.69562,https://www.zillow.com/homedetails/175-Adams-St-APT-7E-Brooklyn-NY-11201/244995364_zpid/,-73.98869,675
"$715,000",40.61076,https://www.zillow.com/homedetails/3409-Fillmore-Ave-Brooklyn-NY-11234/2098088471_zpid/,-73.93432,"1,200"
"$550,000",40.680032,https://www.zillow.com/homedetails/360-Crescent-St-Brooklyn-NY-11208/30643836_zpid/,-73.871434,"3,600"
"$479,000",40.828493,https://www.zillow.com/homedetails/1152-Jackson-Ave-Bronx-NY-10456/29779349_zpid/,-73.902531,"1,200"
"$599,999",40.604562,https://www.zillow.com/homedetails/278-Bradley-Ave-Staten-Island-NY-10314/32291275_zpid/,-74.131932,"1,200"
"$775,000",40.747063,https://www.zillow.com/homedetails/201-E-36th-St-APT-18A-New-York-NY-10016/63866878_zpid/,-73.976742,873
"$1,450,000",40.741905,https://www.zillow.com/homedetails/43-10-64th-St-Woodside-NY-11377/2078555923_zpid/,-73.901534,"1,928"
"$1,725,000",40.6044,https://www.zillow.com/homedetails/2271-80th-St-Brooklyn-NY-11214/30708738_zpid/,-73.988291,"2,904"
"$529,000",40.66478,https://www.zillow.com/homedetails/14415-223rd-St-Laurelton-NY-11413/32208985_zpid/,-73.754869,"1,065"
"$990,000",40.559855,https://www.zillow.com/homedetails/244-Roma-Ave-Staten-Island-NY-10306/83051295_zpid/,-74.105003,"1,750"
"$4,795,000",40.7265,https://www.zillow.com/homedetails/478-W-Broadway-4N-New-York-NY-10012/2077983556_zpid/,-74.000326,"2,200"
"$799,000",40.629471,https://www.zillow.com/homedetails/1055-E-40th-St-Brooklyn-NY-11210/30759611_zpid/,-73.937412,"2,200"
"$784,000",40.612246,https://www.zillow.com/homedetails/621-Manor-Rd-Staten-Island-NY-10314/32289226_zpid/,-74.121857,"1,985"
"$599,000",40.774799,https://www.zillow.com/homedetails/178-E-80th-St-APT-25D-New-York-NY-10075/2077932437_zpid/,-73.957298,
"$2,950,000",40.740609,https://www.zillow.com/homedetails/214-W-17th-St-APT-1A-New-York-NY-10011/244887133_zpid/,-73.999179,"2,790"
"$145,000",40.712345,https://www.zillow.com/homedetails/8830-182nd-St-APT-3G-Jamaica-NY-11423/245463145_zpid/,-73.780478,"58,146"
"$1,500,000",40.736406,https://www.zillow.com/homedetails/5021-65th-Pl-Flushing-NY-11377/31982047_zpid/,-73.899631,"2,680"
"$2,800,000",40.696572,https://www.zillow.com/homedetails/135-Henry-St-APT-5-Brooklyn-NY-11201/114314111_zpid/,-73.993149,"1,600"
"$489,000",40.611856,https://www.zillow.com/homedetails/6-New-Ln-APT-6I-Staten-Island-NY-10305/32318189_zpid/,-74.064063,"1,113"
"$525,000",40.697417,https://www.zillow.com/homedetails/225-Adams-St-APT-4F-Brooklyn-NY-11201/79718984_zpid/,-73.988429,640
"$850,000",40.783914,https://www.zillow.com/homedetails/10909-15th-Ave-S307-College-Point-NY-11356/2077992554_zpid/,-73.856711,"1,038"
"$885,000",40.606418,https://www.zillow.com/homedetails/1844-Haring-St-Brooklyn-NY-11229/30728970_zpid/,-73.942298,"1,890"
"$1,500,000",40.715122,https://www.zillow.com/homedetails/8821-190th-St-Jamaica-NY-11423/32144486_zpid/,-73.77125,"2,690"
"$647,500",40.606999,https://www.zillow.com/homedetails/110-E-8th-Rd-Broad-Channel-NY-11693/32219387_zpid/,-73.817728,"1,200"
"$2,800,000",40.63395,https://www.zillow.com/homedetails/1679-42nd-St-Brooklyn-NY-11204/30674863_zpid/,-73.979309,"1,954"
"$1,480,500",40.601629,https://www.zillow.com/homedetails/2202-Avenue-T-Brooklyn-NY-11229/30743342_zpid/,-73.949662,"2,400"
"$487,000",40.738426,https://www.zillow.com/homedetails/74-02-43rd-Ave-1C-Elmhurst-NY-11373/2078008995_zpid/,-73.877422,"1,000"
"$1,090,000",40.762907,https://www.zillow.com/homedetails/214-39-39th-Ave-Bayside-NY-11361/2077904710_zpid/,-73.771539,
"$3,000,000",40.793399,https://www.zillow.com/homedetails/250-W-94th-St-4A-New-York-NY-10025/2080347024_zpid/,-73.973503,"2,100"
"$949,000",40.844304,https://www.zillow.com/homedetails/1692-Weeks-Ave-Bronx-NY-10457/29781619_zpid/,-73.907329,"3,066"
"$959,000",40.611599,https://www.zillow.com/homedetails/1717-Marine-Pkwy-Brooklyn-NY-11234/30757281_zpid/,-73.940454,"1,800"
"$1,650,000",40.614201,https://www.zillow.com/homedetails/1186-Bay-St-Staten-Island-NY-10305/32318753_zpid/,-74.066546,"2,000"
"$535,000",40.787593,https://www.zillow.com/homedetails/205-62-Brian-Cresent-Bayside-NY-11360/2082848513_zpid/,-73.788376,730
"$350,000",40.759593,https://www.zillow.com/homedetails/251-11-60th-Ave-1E-Little-Neck-NY-11362/2080353285_zpid/,-73.727931,960
"$1,499,999",40.818412,https://www.zillow.com/homedetails/2351-Adam-Clayton-Powell-Jr-Blvd-PENTHOUSE-6-New-York-NY-10030/2077958848_zpid/,-73.942452,"1,393"
"$259,000",40.617844,https://www.zillow.com/homedetails/1345-E-4th-St-APT-1B-Brooklyn-NY-11230/2078863018_zpid/,-73.97142,800
"$1,100,000",40.751468,https://www.zillow.com/homedetails/540-W-28th-St-APT-2C-New-York-NY-10001/112086656_zpid/,-74.003848,765
"$339,000",40.648501,https://www.zillow.com/homedetails/285-E-35th-St-APT-4G-Brooklyn-NY-11203/216121218_zpid/,-73.944335,850
"$519,000",40.876082,https://www.zillow.com/homedetails/3400-Wallace-Ave-Bronx-NY-10467/2078552830_zpid/,-73.871747,"1,300"
"$320,000",40.759534,https://www.zillow.com/homedetails/339-E-58th-St-APT-5B-New-York-NY-10022/72539549_zpid/,-73.963145,450
"$355,000",40.769521,https://www.zillow.com/homedetails/14024-31st-Dr-APT-5C-Flushing-NY-11354/83050525_zpid/,-73.827673,550
"$855,000",40.676705,https://www.zillow.com/homedetails/1582-Pacific-St-Brooklyn-NY-11213/30595716_zpid/,-73.936831,"2,250"
"$1,100,000",40.671259,https://www.zillow.com/homedetails/13002-140th-St-Jamaica-NY-11436/32183852_zpid/,-73.799622,"1,920"
"$839,000",40.727127,https://www.zillow.com/homedetails/77-Bleecker-St-APT-904-New-York-NY-10012/244817779_zpid/,-73.995936,750
"$849,000",40.693395,https://www.zillow.com/homedetails/127-07-97th-Ave-South-Richmond-Hill-NY-11419/2078319133_zpid/,-73.819466,"2,000"
"$340,000",40.87834,https://www.zillow.com/homedetails/555-Kappock-St-APT-9H-Bronx-NY-10463/244471216_zpid/,-73.91702,"1,200"
"$535,000",40.728494,https://www.zillow.com/homedetails/6441-Saunders-St-APT-615-Flushing-NY-11374/245364715_zpid/,-73.860018,"1,100"
"$949,000",40.553507,https://www.zillow.com/homedetails/46-Morris-St-Staten-Island-NY-10309/62724071_zpid/,-74.210708,"2,400"
"$590,000",40.641219,https://www.zillow.com/homedetails/400-E-17th-St-APT-705-Brooklyn-NY-11226/72648493_zpid/,-73.962822,850
"$1,180,000",40.603496,https://www.zillow.com/homedetails/2381-Ocean-Ave-APT-8C-Brooklyn-NY-11229/83047851_zpid/,-73.951807,"2,113"
"$2,100,000",40.727719,https://www.zillow.com/homedetails/152-Meserole-Ave-Brooklyn-NY-11222/30620730_zpid/,-73.95017,"3,126"
"$990,000",40.717751,https://www.zillow.com/homedetails/8566-67th-Ave-Flushing-NY-11374/32000997_zpid/,-73.859978,"2,000"
"$459,000",40.90161,https://www.zillow.com/homedetails/4440-Seton-Ave-Bronx-NY-10466/29839899_zpid/,-73.841142,800
"$725,000",40.706678,https://www.zillow.com/homedetails/19805-Hollis-Ave-Jamaica-NY-11412/32155090_zpid/,-73.759517,"2,585"
"$1,250,000",40.771796,https://www.zillow.com/homedetails/10-W-End-Ave-APT-12C-New-York-NY-10023/83932959_zpid/,-73.989915,800
"$339,000",40.575478,https://www.zillow.com/homedetails/40-Brighton-1st-Rd-APT-2H-Brooklyn-NY-11235/245007186_zpid/,-73.967109,850
"$625,000",40.685095,https://www.zillow.com/homedetails/15-Adler-Pl-Brooklyn-NY-11208/30642852_zpid/,-73.87197,"1,478"
"$295,000",40.716962,https://www.zillow.com/homedetails/14461-Village-Rd-APT-28D-Jamaica-NY-11435/79743836_zpid/,-73.814237,"1,200"
"$425,000",40.754831,https://www.zillow.com/homedetails/13240-Sanford-Ave-Flushing-NY-11355/2097603671_zpid/,-73.832373,480
"$199,000",40.905235,https://www.zillow.com/homedetails/5600-Netherland-Ave-6E-Bronx-NY-10471/244465162_zpid/,-73.906115,700
"$228,888",40.778631,https://www.zillow.com/homedetails/19912-21st-Ave-1-331-Whitestone-NY-11357/2078709634_zpid/,-73.79292,600
"$268,000",40.732263,https://www.zillow.com/homedetails/67-77-152nd-St-184B-Flushing-NY-11367/113500366_zpid/,-73.81745,750
"$220,000",40.758592,https://www.zillow.com/homedetails/57-60-246th-Cres-E2-Little-Neck-NY-11362/80382379_zpid/,-73.734391,625
"$910,000",40.784351,https://www.zillow.com/homedetails/302-W-79th-St-APT-2A-New-York-NY-10024/95064084_zpid/,-73.981921,
"$649,000",40.721271,https://www.zillow.com/homedetails/309-E-Houston-St-Manhattan-NY-10002/2079257764_zpid/,-73.983506,550
"$437,000",40.532277,https://www.zillow.com/homedetails/450-Englewood-Ave-Staten-Island-NY-10309/2092323138_zpid/,-74.219993,
"$650,000",40.640315,https://www.zillow.com/homedetails/123-Hendricks-Ave-Staten-Island-NY-10301/32271352_zpid/,-74.085654,"2,520"
"$1,248,000",40.636372,https://www.zillow.com/homedetails/67-69-Van-Duzer-St-Staten-Island-NY-10301/32284206_zpid/,-74.076933,"3,250"
"$649,999",40.638819,https://www.zillow.com/homedetails/1993-Rockaway-Pkwy-Brooklyn-NY-11236/2078070743_zpid/,-73.895506,
"$899,999",40.69338,https://www.zillow.com/homedetails/1318-Putnam-Ave-1-Brooklyn-NY-11221/2102087763_zpid/,-73.913317,
"$949,999",40.599808,https://www.zillow.com/homedetails/2449-Brigham-St-Brooklyn-NY-11235/2077980557_zpid/,-73.9351,"2,056"
"$957,000",40.75829,https://www.zillow.com/homedetails/4028-College-Point-Blvd-APT-1607-Flushing-NY-11354/112513151_zpid/,-73.8343,"1,059"
"$289,000",40.824501,https://www.zillow.com/homedetails/1047-Faile-St-1047A-Bronx-NY-10459/29780920_zpid/,-73.889896,764
"$534,500",40.771143,https://www.zillow.com/homedetails/750-Park-Ave-8D-New-York-NY-10021/2103733489_zpid/,-73.964105,500
"$460,000",40.648054,https://www.zillow.com/homedetails/4002-7th-Ave-APT-37-Brooklyn-NY-11232/245022326_zpid/,-74.000542,570
"$815,000",40.730499,https://www.zillow.com/homedetails/111-E-10th-St-APT-2-New-York-NY-10003/2077945516_zpid/,-73.988098,400
"$690,000",40.694366,https://www.zillow.com/homedetails/15505-108th-Ave-Jamaica-NY-11433/32138296_zpid/,-73.797024,"1,155"
"$699,999",40.648231,https://www.zillow.com/homedetails/923-E-45th-St-Brooklyn-NY-11203/2082674996_zpid/,-73.923427,
"$565,000",40.548055,https://www.zillow.com/homedetails/552-Arden-Ave-Staten-Island-NY-10312/32364534_zpid/,-74.184036,"1,800"
"$1,149,000",40.664074,https://www.zillow.com/homedetails/23009-Edgewood-Ave-Laurelton-NY-11413/32209464_zpid/,-73.747457,"1,040"
"$1,650,000",40.623846,https://www.zillow.com/homedetails/1438-65th-St-Brooklyn-NY-11219/30689637_zpid/,-73.998553,"3,200"
"$280,000",40.870697,https://www.zillow.com/homedetails/70-Park-Ter-E-APT-6G-New-York-NY-10034/121306216_zpid/,-73.915958,475
"$309,000",40.732269,https://www.zillow.com/homedetails/9740-62nd-Dr-APT-7G-Rego-Park-NY-11374/245419931_zpid/,-73.85988,800
"$1,495,000",40.709216,https://www.zillow.com/homedetails/440-Kent-Ave-1C-Brooklyn-NY-11249/79718621_zpid/,-73.96866,"1,175"
"$169,000",40.858072,https://www.zillow.com/homedetails/2215-Cruger-Ave-APT-6C-Bronx-NY-10467/215953032_zpid/,-73.866618,750
"$485,000",40.682632,https://www.zillow.com/homedetails/11537-146th-St-Jamaica-NY-11436/32181507_zpid/,-73.795577,"1,224"
"$280,000",40.607777,https://www.zillow.com/homedetails/1160-Richmond-Rd-4R-Staten-Island-NY-10304/2078827509_zpid/,-74.095593,740
"$590,000",40.670691,https://www.zillow.com/homedetails/13741-232nd-St-Laurelton-NY-11413/32205006_zpid/,-73.740254,"1,316"
"$639,000",40.70746,https://www.zillow.com/homedetails/109-27-204th-St-Saint-Albans-NY-11412/2079642538_zpid/,-73.753926,
"$539,000",40.813009,https://www.zillow.com/homedetails/1793-Patterson-Ave-Bronx-NY-10473/29791125_zpid/,-73.862208,"1,708"
"$365,000",40.699744,https://www.zillow.com/homedetails/8375-Woodhaven-Blvd-APT-6C-Woodhaven-NY-11421/245488005_zpid/,-73.852667,"170,772"
"$4,499,999",40.63532,https://www.zillow.com/homedetails/876-58th-St-Brooklyn-NY-11220/30688052_zpid/,-74.006657,"4,640"
"$850,000",40.730457,https://www.zillow.com/homedetails/8803-Sabre-St-Queens-NY-11427/32091453_zpid/,-73.735297,"1,100"
"$925,000",40.661931,https://www.zillow.com/homedetails/423-15th-St-APT-3D-Brooklyn-NY-11215/245013128_zpid/,-73.981594,850
"$1,300,000",40.608638,https://www.zillow.com/homedetails/1837-Burnett-St-Brooklyn-NY-11229/30783489_zpid/,-73.939796,"2,550"
"$2,499,000",40.715005,https://www.zillow.com/homedetails/77-16-Kew-Forest-Ln-Forest-Hills-NY-11375/2080683450_zpid/,-73.834054,"4,900"
"$1,675,000",40.758089,https://www.zillow.com/homedetails/24232-54th-Ave-Douglaston-NY-11362/32094716_zpid/,-73.738527,"4,000"
"$729,999",40.591573,https://www.zillow.com/homedetails/187-Olympia-Blvd-Staten-Island-NY-10305/32325329_zpid/,-74.074615,"1,500"
"$349,999",40.74985,https://www.zillow.com/homedetails/3716-83rd-St-APT-4B-Flushing-NY-11372/245458130_zpid/,-73.88337,750
"$490,000",40.57673,https://www.zillow.com/homedetails/2944-W-5th-St-APT-15-Brooklyn-NY-11224/2079936495_zpid/,-73.972985,"1,200"
"$2,149,000",40.602035,https://www.zillow.com/homedetails/2281-84th-St-Brooklyn-NY-11214/30711005_zpid/,-73.990406,"3,847"
"$539,000",40.899836,https://www.zillow.com/homedetails/4425-Edson-Ave-Bronx-NY-10466/29839565_zpid/,-73.847562,"1,152"
"$569,000",40.561992,https://www.zillow.com/homedetails/485-Elverton-Ave-Staten-Island-NY-10308/32351961_zpid/,-74.156912,"1,540"
"$1,795,000",40.746417,https://www.zillow.com/homedetails/330-E-38th-St-APT-20D-New-York-NY-10016/31510436_zpid/,-73.973373,"1,372"
"$449,000",40.649528,https://www.zillow.com/homedetails/4401-4th-Ave-APT-B5-Brooklyn-NY-11220/245017483_zpid/,-74.008896,500
"$1,150,000",40.698368,https://www.zillow.com/homedetails/7516-64th-Pl-Glendale-NY-11385/32012456_zpid/,-73.891406,"1,553"
"$1,749,000",40.728107,https://www.zillow.com/homedetails/258-Eckford-St-Brooklyn-NY-11222/30620529_zpid/,-73.950937,"1,540"
"$750,000",40.855906,https://www.zillow.com/homedetails/134-W-180th-St-Bronx-NY-10453/29786547_zpid/,-73.912895,"2,998"
"$1,552,000",40.689804,https://www.zillow.com/homedetails/685-Greene-Ave-Brooklyn-NY-11221/30608385_zpid/,-73.940988,"3,200"
"$349,000",40.723325,https://www.zillow.com/homedetails/6960-108th-St-Forest-Hills-NY-11375/31979108_zpid/,-73.84497,750
"$1,200,000",40.822423,https://www.zillow.com/homedetails/898-Eagle-Ave-Bronx-NY-10456/29778983_zpid/,-73.908036,"5,700"
"$445,000",40.679197,https://www.zillow.com/homedetails/202-Saratoga-Ave-A-Brooklyn-NY-11233/30600760_zpid/,-73.916704,"1,680"
"$689,000",40.599456,https://www.zillow.com/homedetails/3-Williams-Ct-Far-Rockaway-NY-11691/32221054_zpid/,-73.748944,"1,968"
"$985,000",40.580563,https://www.zillow.com/homedetails/55-Corbin-Pl-Brooklyn-NY-11235/30790186_zpid/,-73.954403,"1,744"
"$799,999",40.875627,https://www.zillow.com/homedetails/3416-Barker-Ave-Bronx-NY-10467/2077942271_zpid/,-73.869434,
"$645,000",40.888704,https://www.zillow.com/homedetails/3850-Hudson-Manor-Ter-1E2E-Riverdale-NY-10463/2079509741_zpid/,-73.912696,"1,850"
"$1,389,000",40.6196,https://www.zillow.com/homedetails/5907-20th-Ave-Brooklyn-NY-11204/142938649_zpid/,-73.98251,"2,200"
"$1,999,999",40.788305,https://www.zillow.com/homedetails/100-W-89th-St-APT-2C-New-York-NY-10024/31524727_zpid/,-73.971353,"1,190"
"$3,350,000",40.682147,https://www.zillow.com/homedetails/389-Bergen-St-1-Brooklyn-NY-11217/2078629554_zpid/,-73.978111,"2,944"
"$1,048,000",40.845667,https://www.zillow.com/homedetails/1407-Overing-St-Bronx-NY-10461/244458520_zpid/,-73.843265,"3,051"
"$1,550,000",40.8735,https://www.zillow.com/homedetails/3308-3310-White-Plains-Rd-Bronx-NY-10467/299928001_zpid/,-73.866906,"7,920"
"$459,000",40.775798,https://www.zillow.com/homedetails/25-40-Shore-Blvd-15Q-Astoria-NY-11102/2078343324_zpid/,-73.929397,472
"$1,300,000",40.85242,https://www.zillow.com/homedetails/2174-Bathgate-Ave-Bronx-NY-10457/29784348_zpid/,-73.893472,"4,375"
"$1,200,000",40.792512,https://www.zillow.com/homedetails/1012-Clintonville-St-Flushing-NY-11357/32027511_zpid/,-73.813082,"1,310"
"$409,000",40.762528,https://www.zillow.com/homedetails/21-80-33rd-Rd-APT-6C-Astoria-NY-11106/72648217_zpid/,-73.930524,700
"$285,000",40.586374,https://www.zillow.com/homedetails/2717-E-28th-St-APT-3B-Brooklyn-NY-11235/245011912_zpid/,-73.940307,980
"$729,000",40.593986,https://www.zillow.com/homedetails/893-Travis-Ave-Staten-Island-NY-10314/32309555_zpid/,-74.166328,"1,428"
"$1,100,000",40.707539,https://www.zillow.com/homedetails/1416-Willoughby-Ave-Brooklyn-NY-11237/30625380_zpid/,-73.919137,"1,224"
"$1,850,000",40.73403,https://www.zillow.com/homedetails/43-5th-Ave-1N-New-York-NY-10003/244787295_zpid/,-73.994579,"1,200"
"$445,999",40.575813,https://www.zillow.com/homedetails/147-Freeborn-St-Staten-Island-NY-10306/32332951_zpid/,-74.091683,700
"$220,000",40.573311,https://www.zillow.com/homedetails/Hempstead-Ave-Staten-Island-NY-10306/112110417_zpid/,-74.093123,420
"$725,000",40.752468,https://www.zillow.com/homedetails/240-E-46th-St-APT-1D-New-York-NY-10017/145586722_zpid/,-73.971158,720
"$379,000",40.738307,https://www.zillow.com/homedetails/4817-42nd-St-APT-6C-Sunnyside-NY-11104/2096528790_zpid/,-73.924137,700
"$6,150,000",40.733898,https://www.zillow.com/homedetails/140-Charles-St-PENTHOUSE-C-New-York-NY-10014/2078137614_zpid/,-74.008102,"2,651"
